,name,link,image,description,level_available,x_size,y_size
0,Fire Bush,https://mysingingmonsters.fandom.com/wiki/Fire_Bush,Fire_Bush.png,"While it may look delicious, eating Fire Bush leaves has dire effects, causing the consumer to produce eye-watering flatulence.",5,2,2
1,Travelers' Sign,https://mysingingmonsters.fandom.com/wiki/Travelers%27_Sign,Travelers_Sign.png,Beware! This sign likes to play switcheroo with its arrows. Where you're going all depends on where you are.,7,2,2
2,Saggle Tree,https://mysingingmonsters.fandom.com/wiki/Saggle_Tree,Saggle_Tree.png,"Monsters must be careful around the Saggle Trees. Their tasty nuts are too delicious-looking to resist, but they taste like rocks. Yuck!",8,2,2
3,Beeyoot Tree,https://mysingingmonsters.fandom.com/wiki/Beeyoot_Tree,Beeyoot_Tree.png,"Monsters should know better than to look directly at a Beeyoot Tree. When observed, the tree goes full-on supermodel, posing and contorting. Weird.",8,2,2
4,Smunkin Patch,https://mysingingmonsters.fandom.com/wiki/Smunkin_Patch,Smunkin_Patch.png,"What could be more comforting than cuddling with a ripe, orange Smunkin? Just don't let any Thumpies near; they like to carve out faces on them. What a strange thing to do.",11,2,2
5,Hollow Log,https://mysingingmonsters.fandom.com/wiki/Hollow_Log,Hollow_Log.png,It's a Hollow Log. Maybe something cool will move in.,12,2,4
6,Bloofi Tree,https://mysingingmonsters.fandom.com/wiki/Bloofi_Tree,Bloofi_Tree.png,"Don't look too closely at the Bloofi Tree. Its feathery leaves have been 'borrowed' for some unknown purpose, leaving embarrassing bald patches.",12,2,2
7,Razzli Tree,https://mysingingmonsters.fandom.com/wiki/Razzli_Tree,Razzli_Tree.png,"Razzli Trees attract lots of things; iridescent bugs, slithery slugs, and especially monsters. Up close, the tree is kind of boring, and all the creatures leave.",12,2,2
8,Fuzzle Tree,https://mysingingmonsters.fandom.com/wiki/Fuzzle_Tree,Fuzzle_Tree.png,The Fuzzle Tree loves it when monsters have long picnic lunches under its branches. Sometimes it grabs a snack from the basket when no one is looking.,13,2,2
9,Piney Tree,https://mysingingmonsters.fandom.com/wiki/Piney_Tree,Piney_Tree.png,"Monsters decorate Piney Trees every year for the Festival of Yay. Much to the tree's relief, monsters do not decorate well, and the objects fall off immediately.",13,2,2
10,Puffle Tree,https://mysingingmonsters.fandom.com/wiki/Puffle_Tree,Puffle_Tree.png,This tree has the highest accident rating of all the trees. Its feather-like foliage tickles anyone who attempts to climb it until they fall out laughing.,14,2,2
11,Castanevine,https://mysingingmonsters.fandom.com/wiki/Castanevine,Castanevine.png,"When a strong breeze blows, the Castanevine really comes to life. Monsters sometimes blow at the plant just to hear it play.",18,2,2
12,Yum Yum Tree,https://mysingingmonsters.fandom.com/wiki/Yum_Yum_Tree,Yum_Yum_Tree.png,"Yum Yum Trees jiggle delightfully when gently shaken. Caution is advised, however, as the globes break easily, drenching the shaker with a sap as sticky as bubblegum.",18,2,2
13,Crumpler Tree,https://mysingingmonsters.fandom.com/wiki/Crumpler_Tree,Crumpler_Tree.png,"Old timers say never to go near a Crumpler Tree at night or you will face the wrath of the Crumplings, invisible fairies that leave you covered with itchy bites. What do old timers know, anyhow?",19,2,2
14,Zuffle Tree,https://mysingingmonsters.fandom.com/wiki/Zuffle_Tree,Zuffle_Tree.png,Zuffle Trees bear delicious fruit that closely resembles the material pulled from a hairbrush. Those who consume it produce a melodic gacking sound.,20,2,2
15,Floofy Nest,https://mysingingmonsters.fandom.com/wiki/Floofy_Nest,Floofy_Nest.png,"Mischievous creatures, Floofies are sometimes mistaken for sock fluff. Have you ever seen sock fluff jump around like that?",24,3,3
16,Inverdigus Fern,https://mysingingmonsters.fandom.com/wiki/Inverdigus_Fern,Inverdigus_Fern.png,The spooky yet breathtaking Inverdigus plant is truly a sight to behold. Mostly because you can bet it is using its baleful eyestalks to behold you at the same time.,25,2,2
17,Mountain Morsel,https://mysingingmonsters.fandom.com/wiki/Mountain_Morsel,Mountain_Morsel.png,"This relic isn't from around these parts. After a few experimental licks, it was discovered it tastes like grape bubblegum. The visages carved into its surface occasionally emit a low hum when monsters aren't looking.",10,2,2
18,Tree Hut,https://mysingingmonsters.fandom.com/wiki/Tree_Hut,Tree_Hut.png,Some monsters like to haul their stuff around with them and need a place to put it for the day.,17,3,3
19,Barbloo Statue,https://mysingingmonsters.fandom.com/wiki/Barbloo_Statue,Barbloo_Statue.png,"This statue immortalizes the bravery with which its model saw something scary, pointed, and knelt in fear.",13,1,1
20,Thumpies Totem,https://mysingingmonsters.fandom.com/wiki/Thumpies_Totem,Thumpies_Totem.png,"Carved out of lumber harvested from the Great Tree of the Thumpieverse, this totem pays tribute to three famous Thumpies: KarrToof, RhooTz, and ChoMPh.",14,2,2
21,Babayag Tower,https://mysingingmonsters.fandom.com/wiki/Babayag_Tower,Babayag_Tower.png,"This tower would be more fun if it would just stand still and allow itself to be climbed! Still, it looks pretty.",15,2,2
22,Squeed Statue,https://mysingingmonsters.fandom.com/wiki/Squeed_Statue,Squeed_Statue.png,Everyone loves a Squeed!,16,1,1
23,Dragoon Statue,https://mysingingmonsters.fandom.com/wiki/Dragoon_Statue,Dragoon_Statue.png,The Dragoon was a harmless creature with a poor understanding of effective camouflage. Its resemblance to a bodiless claw made it such a prized collector's item that it rapidly became extinct.,16,1,1
24,Tree Forte Tower,https://mysingingmonsters.fandom.com/wiki/Tree_Forte_Tower,Tree_Forte_Tower.png,The umbrella roof makes this a great tower for rainy days.,17,2,2
25,Bass String Bridge,https://mysingingmonsters.fandom.com/wiki/Bass_String_Bridge,Bass_String_Bridge.png,"Who can resist the charm of an old bridge over a tinkling freshet, all in the shade of a drooping snuffle tree?",19,4,4
26,Cozee Cabin,https://mysingingmonsters.fandom.com/wiki/Cozee_Cabin,Cozee_Cabin.png,"It's nice to have a place to take a quick nap. The Cozee Cabin isn't nearly as comfy as the Castle, but it'll do in a pinch.",19,3,3
27,Miniature Island Complex,https://mysingingmonsters.fandom.com/wiki/Miniature_Island_Complex,Miniature_Island_Complex.png,"Originally constructed as a tribute to Colossals and Titans alike, this work of art now houses many small creatures. Combining the Fire and Magical Islands into a Miniature Island Complex has created a Utopia for these tiny beings to flourish. Whether it's looking through the windowed eyes, or taking a relaxing dip in the Sanctum Swimming Pool atop the structures, there is something for all these little critters to do - including some kind of invite-only shindig that Crumplings are always crashing.",15,2,2
28,Leafy Sea Dragon,https://mysingingmonsters.fandom.com/wiki/Leafy_Sea_Dragon,Leafy_Sea_Dragon.png,"Monsters generally agree that this is a ridiculous fantasy creature. Nonetheless, they still make wishes and toss their teeth in the fountain.",20,4,4
29,Tub Fountain,https://mysingingmonsters.fandom.com/wiki/Tub_Fountain,Tub_Fountain.png,"The grimacing figure in this sculpture is based on a figure from monster bedtime stories, who would bathe and clean misbehaving monsterlings until there was no more dirt and grime on them. What a terrible fate.",26,3,3
30,Stritch Skin,https://mysingingmonsters.fandom.com/wiki/Stritch_Skin,Stritch_Skin.png,What unfortunate creature gave up its hide for this device? None! This very-much-alive domesticated critter suspended itself from a frame and hangs there. No one knows why.,6,1,3
31,Flappy Flag,https://mysingingmonsters.fandom.com/wiki/Flappy_Flag,Flappy_Flag.png,Who doesn't love to let their flag fly? Even better if it flaps and snaps in the wind!,9,1,1
32,Toob,https://mysingingmonsters.fandom.com/wiki/Toob,Toob.png,"Not for the faint of heart, a Toob oozes fragrant black goo. Monsters delight in daring one another to give the wheel a spin!",10,2,3
33,Pipes of Cicado,https://mysingingmonsters.fandom.com/wiki/Pipes_of_Cicado,Pipes_of_Cicado.png,"The Pipes of Cicado have amazing summoning power. When they are blown, everyone comes from all around, no matter what they may have been doing.",10,2,3
34,Eerie Remains,https://mysingingmonsters.fandom.com/wiki/Eerie_Remains,Eerie_Remains.png,Monsters are known to plant flowers in and around Eerie Remains to show respect for the deceased.,14,2,2
35,Kab's Wax,https://mysingingmonsters.fandom.com/wiki/Kab%27s_Wax,Kabs_Wax.png,"The identity of the mysterious figure Kab has been hotly debated for eons - almost as hot as the bubbling wax held inside its famous buckets! The leading theory is that Kab is a time- and space-faring artisan that once proffered counsel to the Colossal of Amber Island. While in search of special capsules for Fire Monsters' essence, Kab's wax-sealed vessel design was chosen as the most viable. The entity's influence is felt even in the modern era, as the Fire Monsters of Fire Haven feel instinctually compelled to create art in the form of buckets and fill them with the wax of the island's many candles.",16,2,2
36,Digger,https://mysingingmonsters.fandom.com/wiki/Digger,Digger.png,This Digger looks like it's emerging from the earth. How exciting!,15,2,3
37,Fossil-osaurus,https://mysingingmonsters.fandom.com/wiki/Fossil-osaurus,Fossil-osaurus.png,"Curious monsters often sing to the Fossil-osaurus, hoping to wake it up. Little do they know it's just a fiberglass model from some long-ago time.",17,2,2
38,Odd-o-Mobile,https://mysingingmonsters.fandom.com/wiki/Odd-o-Mobile,Odd-o-Mobile.png,"Despite its eerie appearance, the Odd-o-Mobile outshines most other nearby objects by dangling beautiful baubles from its finger-like appendages. It spends most of its time burrowing underground, only popping up whenever Monsters are struggling to fall asleep and need to catch some Z's. Once surfaced, its colorful bric-o-brac helps lull them into a comfortable sleep. The Odd-o-Mobile prefers its subterranean dwellings since the sun would damage its light-sensitive skin - though it enjoys the company of Monsters above ground enough that it appears a little faded.",15,2,2
39,Bottomless Pit,https://mysingingmonsters.fandom.com/wiki/Bottomless_Pit,Bottomless_Pit.png,Monsters love to throw small objects into the bottomless pit. Sometimes an interesting sound or smell comes back up!,18,4,4
40,Optiglowbe,https://mysingingmonsters.fandom.com/wiki/Optiglowbe,Optiglowbe.png,"The existence of the Optiglowbe indicates that there are more varieties of Glowbe living in their home dimension than previously reckoned! This specimen appears to be more advanced than the others - some have speculated that it is related in some way to the critters of Psychic Island, and may even share their ability to surveil and record its surroundings.",10,2,2
41,Wubbox Stockpile,https://mysingingmonsters.fandom.com/wiki/Wubbox_Stockpile,Wubbox_Stockpile.png,"Because the Wubbox is part machine, it sometimes needs to replace the pieces of its body that have been worn down by the electric energy coursing through it. Other monsters have taken it upon themselves to set up tarpaulin lean-to's to protect the Wubbox's spare parts. Mysteriously, the markings painted on the tarp appear all by themselves.",20,2,2
42,Jarhead,https://mysingingmonsters.fandom.com/wiki/Jarhead,Jarhead.png,"It can take a while to get used to the Jarhead. But the monsters keep it around because despite its fearsome appearance, it has a gentle heart. Even though they're pretty sure that it only has a brain.",21,2,2
43,Englobulated F.U.M.,https://mysingingmonsters.fandom.com/wiki/Englobulated_F.U.M.,Englobulated_F.U.M..png,"This creature, or ""Fortuitously Unidentified Monster"", has been right under our noses for... who knows how long! It is rumored that Dr. Wardin Spurrit spent an extensive amount of time trying to learn more about this apparently one-of-a-kind specimen, claiming to have witnessed its silhouette multiple times while studying the Rift, but it was near impossible to track due to its tendency of being able to ""hop"" between the endless alternate dimensions of which encircle the Monster World. However, the effort was revitalized quite recently, and after a fortuitous encounter - the details of which we've been told shall remain murky, miry even - we’ve been able to study it and learn about its cryptic nature. It is assuredly highly intelligent, deeming itself ""a Monster, of course"" but one that is “too sophisticated to sing”, despite our campaigns of encouragement. It has stated that it prefers to be kept in dormancy inside this mechanism, so it can ""ponder and think to itself"". According to data collected vis-à-vis brainwaves, exactly what it mulls over 24/7 is ""beyond your comprehension and none of your Humbugswax"".",24,3,3
44,Meldablend,https://mysingingmonsters.fandom.com/wiki/Meldablend,Meldablend.png,Two very different objects seem to have materialized in the same place!,5,1,1
45,Trumplite,https://mysingingmonsters.fandom.com/wiki/Trumplite,Trumplite.png,"Many monsters find the dark pretty scary. They'll never need to turn this light on, but it's comforting to have it around.",11,1,1
46,Harpsitree,https://mysingingmonsters.fandom.com/wiki/Harpsitree,Harpsitree.png,The Harpsitree plays hauntingly beautiful melodies to anyone nearby. You'll often see a Monster quivering its lower lip or gushing fat tears as it listens to a particularly moving passage.,14,3,3
47,Guitree,https://mysingingmonsters.fandom.com/wiki/Guitree,Guitree.png,"When an unwary monster trips over the strings of a Guitree, the most delightful sights and sounds are produced.",16,2,4
48,Reflecting Pool,https://mysingingmonsters.fandom.com/wiki/Reflecting_Pool,Reflecting_Pool.png,Legend has it that an ancient monster created this reflecting pool to see if it had any spots on its back. Time has worn away the stone details and vines have grown around it. We still don't know about the spots.,6,1,1
49,Wild Bagpipe,https://mysingingmonsters.fandom.com/wiki/Wild_Bagpipe,Wild_Bagpipe.png,Someone has captured the elusive wild bagpipe! It's been partially buried to prevent escape.,7,1,2
50,Phoni-Mine,https://mysingingmonsters.fandom.com/wiki/Phoni-Mine,Phoni-Mine.png,"Look! You can place an additional Mini-Mine on your islands now!... Wait, this is just a recreation of the cardboard constructable standee from My Singing Monsters: The Board Game? And there's a Furcorn popping out, recalling part of the scene from the accompanying art print? Well... alright then.",8,2,2
51,Cave Crystal Teleporter,https://mysingingmonsters.fandom.com/wiki/Cave_Crystal_Teleporter,Cave_Crystal_Teleporter.png,"This Teleporter's unstable portal appears to connect this world to the alternate dimension of Cave Crystal Island, where an enigmatic creature called the Connatruna dwells. The island occasionally flickers in and out of view - perhaps at the whims of the magical gem that floats above it - so take care as you're stepping through that you don't actually teleport yourself somewhere else!",10,3,3
52,Directions to Nowhere,https://mysingingmonsters.fandom.com/wiki/Directions_to_Nowhere,Directions_to_Nowhere.png,"Monsters love to interpret the mysterious meaning of this symbol. None of them can agree on a single way to read it, however, and the purpose is entirely unknown.",9,2,2
53,Spurrit Statue,https://mysingingmonsters.fandom.com/wiki/Spurrit_Statue,Spurrit_Statue.png,"A real Spurrit has not been spotted for a very long time. In fact, no one has ever seen one... or have they?",15,2,2
54,Harmonorb Holder,https://mysingingmonsters.fandom.com/wiki/Harmonorb_Holder,Harmonorb_Holder.png,"The Harmonorb is an odd object. Randomly found one day, the Monsters don't know what it is, but Monsters near it have felt more musically inspired than ever! So a replica has been made of it as well as a replica of the holder the Monsters made to, well, hold it. This replica has all the engraved, pretty patterns, and bits 'n' bobs the original holder had! The original orb and holder has influenced monster culture for generations. Just one thing -  where did this strange sphere come from? (It couldn't have come from the hooman world though, that's just a silly conspiracy theory!)",18,1,1
55,Orb of Aklino,https://mysingingmonsters.fandom.com/wiki/Orb_of_Aklino,Orb_of_Aklino.png,"What is this? Is it one of Wublin Island's numerous batteries? Is it an updated model for Galvana's staff? A Dyson Sphere? A Van de Graaff Generator? Or is it simply a cluttered agglomeration of different parts from a low budget sci-fi movie? Probably the latter, but it still looks cool!",20,2,2
56,Macho Monument,https://mysingingmonsters.fandom.com/wiki/Macho_Monument,Macho_Monument.png,"Gaze upon the majesty of the Macho Monument! This statue (named Steve) depicts a strongmon (NOT named Steve) and showcases what diligent training can accomplish. Some allege that the monument is actually an early draft of the Wubbox that never progressed any further. Either way - allow this fitness tribute to spark inspiration in your heart, so that, one day, you can be a Macho Mon too!",23,2,2
57,Shrini,https://mysingingmonsters.fandom.com/wiki/Shrini,Shrini.png,"The Mini-Shrine, or 'Shrini' for short, is an august creation of unknown origin which has the power to grant Monsters a vacation to the destination of their choosing. The opportunity doesn't come without some effort, though - a Monster must first collect tufts of the Sweetstreamz Tree, along with a special item that hints at where it wants to vacation. Then, it must deposit them in the bowl of the Shrini, strike the gong with the mallet, and POOF!… the Monster will dematerialize and travel to their vacation spot.",17,2,3
58,Spirit of Creation,https://mysingingmonsters.fandom.com/wiki/Spirit_of_Creation,Spirit_of_Creation.png,"When Colossals are engaged in an act of creativity, they often describe the experience among themselves as being guided by a 'spirit of creation.'  Depicted in ancient artworks as a kindly old being attuned to the power of nature, the spirit would whisper ideas and inspirations to its creator companion, and otherwise provide a backing track of gentle humming to which one could work. It was actually this piece of imagery that inspired the Colossals to imagine themselves as the guardians of the various islands of the Monster World, long before the cataclysm that ended the Dawn of Fire brought it about as reality.",15,3,3
59,Dragon Tower,https://mysingingmonsters.fandom.com/wiki/Dragon_Tower,Dragon_Tower.png,"Made from old dragon parts the monsters had laying around, this tower isn't very practical, but it looks great!",20,2,2
60,Ambered Thing,https://mysingingmonsters.fandom.com/wiki/Ambered_Thing,Ambered_Thing.png,"Hailing from the shard mountains of another dimension of the multiverse, this interesting specimen has been encased in amber. It answers to ""Flutter,"" but the monsters usually just call it a thing.",22,2,2
61,'Cannon Chaos' Contraption,https://mysingingmonsters.fandom.com/wiki/%27Cannon_Chaos%27_Contraption,Cannon_Chaos_Contraption.png,"This Decoration is a scale model of one of the cannons and cannonballs from the 'Cannon Chaos' game, which can be found inside the virtual world of the Playground inside of a Wubbox. Because it's powered by Electricity, maybe the Playground can connect digitally to other dimensions of the multiverse; we wonder if this activity was inspired by a visit to Toppelopolis?",10,2,2
62,'Blast Off' Launchpad,https://mysingingmonsters.fandom.com/wiki/%27Blast_Off%27_Launchpad,Blast_Off_Launchpad.png,"This Decoration is a scale model of one of the rockets and launchpads from the 'Blast Off' game, which can be found inside the virtual world of the Playground inside of a Wubbox. Get ready for liftoff... oh dear, not enough energy. Maybe some other time. Up, Up and Away!",11,2,2
63,'Monster Rally' Racetrack,https://mysingingmonsters.fandom.com/wiki/%27Monster_Rally%27_Racetrack,Monster_Rally_Racetrack.png,"This Decoration is a scale model of one of the racetracks from the 'Monster Rally' game, which can be found inside the virtual world of the Playground inside of a Wubbox. On your marks... get set... GO! Wow, a photo finish! Pure Skill!",Level ?,3,3
64,Wub Hub Edifice,https://mysingingmonsters.fandom.com/wiki/Wub_Hub_Edifice,Wub_Hub_Edifice.png,"The Hub world of the Playground (or as it's coloquially referred to, the 'Wub Hub') is full of whimsical edifices like this one. The architectural styles of these buildings are inspired by designs from across the Monster World, but motifs and patterns from the archaic Starhenge seem to abound - unsurprising when you consider who designed the Wubbox...",Level ?,3,3
65,Fandemonium Stage Maquette,https://mysingingmonsters.fandom.com/wiki/Fandemonium_Stage_Maquette,Fandemonium_Stage_Maquette.png,"This scale model of the special stage commemorates 8 amazing episodes of My Singing Monsters: Fandemonium! It's a balanced combination of Monster ingenuity and 'hooman' technology, perfect for broadcasting from the Monster World right into the comfort of your home!",9,4,4
66,Great Tree Bawnzi,https://mysingingmonsters.fandom.com/wiki/Great_Tree_Bawnzi,Great_Tree_Bawnzi.png,"This Bawnzi is a scaled-down version of the Great Tree that resides in the Thumpieverse. Several artistic interpretations of this arboreal landmark have existed throughout the years, with this latest iteration understood to be the most accurate representation. The sigils of the various Thumpie songs festoon the length of its meandering trunk, and there's even a replica of the little wooden door through which Thumpies access its hollow interior. It's thanks to the Magic of the Trees that binds the various dimensions of the Stablo Mjehurica, the World Tree, that contact between the Monster World and the Thumpieverse is even possible in the first place.",15,2,2
67,Spooktacle Smunkin Patch,https://mysingingmonsters.fandom.com/wiki/Spooktacle_Smunkin_Patch,Spooktacle_Smunkin_Patch.png,"Looks like no one heeded our advice and let Thumpies free in the Smunkin Patch. Just as we feared, they carved out faces on them. Strange.",9,2,2
68,Spooktacle Travelers' Sign,https://mysingingmonsters.fandom.com/wiki/Spooktacle_Travelers%27_Sign,Spooktacle_Travelers_Sign.png,Beware! This sign has gotten into the spirit of the season - you never know quite whether you're going to get a trick or a treat.,9,2,2
69,Creepy Cauldron,https://mysingingmonsters.fandom.com/wiki/Creepy_Cauldron,Creepy_Cauldron.png,"This Spooktacular item is perfect for brewing potent potions and mysterious mixtures. We thought that those were bundles of wheat behind it - but maybe they're the shed silks of the Rare Oaktopus? It is a mad scientist, after all.",9,2,2
70,Frightful Fripperies,https://mysingingmonsters.fandom.com/wiki/Frightful_Fripperies,Frightful_Fripperies.png,"A chilling collection of eerie artifacts from the Spooktacle season. That skull bears a striking resembance to the Mythical Jarhead, a fearsome-looking entity that Monsters still aren't sure whether or not they dreamed up.",9,2,2
71,Smunk-o-Lantern Patch,https://mysingingmonsters.fandom.com/wiki/Smunk-o-Lantern_Patch,Smunk-o-Lantern_Patch.png,"Around the Spooktacle season, Monsters love to hollow out Smunkins and carve expressive faces into them, transforming them into Smunk-o-Lanterns. It is imperative that Monsters double check they aren't trying to pull up a sleeping Punkleton from the ground.",9,2,2
72,Inverdigus Cemetery,https://mysingingmonsters.fandom.com/wiki/Inverdigus_Cemetery,Inverdigus_Cemetery.png,"The spooky yet breathtaking Inverdigus plant is truly a sight to behold. Mostly because you can bet it is using its baleful eyestalks to behold you at the same time. This full-grown specimen has been carefully perched atop some decorative headstones and adorned with a fake shrunken head. At least, we hope it's fake.",9,2,2
73,Lamppost,https://mysingingmonsters.fandom.com/wiki/Lamppost,Lamppost.png,"The area around this lamppost was reportedly the ancient stomping grounds of a curious entity called Sir Sunmut. It was always babbling on about spare rooms and wardrobes, for some reason.",9,2,2
74,Coldman Colloquy,https://mysingingmonsters.fandom.com/wiki/Coldman_Colloquy,Coldman_Colloquy.png,"This trio of Coldmen (not snowmen, mind you) are content to converse amongst themselves. The cold never bothered them anyways.",9,2,2
75,Yaytide Trimmings,https://mysingingmonsters.fandom.com/wiki/Yaytide_Trimmings,Yaytide_Trimmings.png,"There's so much seasonal imagery in one Decoration! Bows, poinsettias, holly, ornaments - placing one of these on your island is a sure-fire way to keep the Yay spirit going strong.",9,2,2
76,Gingerbread Bluff,https://mysingingmonsters.fandom.com/wiki/Gingerbread_Bluff,Gingerbread_Bluff.png,"Modeled after the scrumptious seasonal coverings that adorn the Cold Colossal's icy horns, this edible edifice boasts stockings filled to the brim with surprises.",9,2,2
77,Luff-Balloons,https://mysingingmonsters.fandom.com/wiki/Luff-Balloons,Luff-Balloons.png,"Ninety-nine dreams we have had; in every one, either a purple, pink, or red balloon. These inflatable baubles emanate the power of Luff.",9,2,2
78,Curious Cultivar,https://mysingingmonsters.fandom.com/wiki/Curious_Cultivar,Curious_Cultivar.png,"The dilapidated fence surrounding this exotic plant isn't for its protection, it's for yours. More serpentine than rosaceous, it's not just thorns to be wary of on this specimen.",9,3,3
79,Gargle-oyle,https://mysingingmonsters.fandom.com/wiki/Gargle-oyle,Gargle-oyle.png,"This unusual object collects motes of dust floating through the sky, and transmutes them through arcane alchemical processes into candy hearts! Is it alive? We're not sure.",9,2,2
80,Chokkolit Fountain,https://mysingingmonsters.fandom.com/wiki/Chokkolit_Fountain,Chokkolit_Fountain.png,"Yum! Hewn from the Love Rocks of Air Island, this contraption has an elaborate mechanism for pumping liquid chokkolit to the top, which then flows down the sides for sweet-toothed Monsters to sample.",9,3,3
81,Rotten Egg,https://mysingingmonsters.fandom.com/wiki/Rotten_Egg,Rotten_Egg.png,"In the Monster World, being called a rotten egg is considered a compliment! After all, it means that you've been around a while and no one has thrown you out yet!",9,2,2
82,Floofy Basket,https://mysingingmonsters.fandom.com/wiki/Floofy_Basket,Floofy_Basket.png,"Because they already sort of look like eggs, the Floofies thought they'd conspire with the Blabbit to play a clever joke and get dressed up like Singing Monsters! How crafty of them.",9,2,2
83,Multiversal Phabberjay,https://mysingingmonsters.fandom.com/wiki/Multiversal_Phabberjay,Multiversal_Phabberjay.png,"Some painted eggs are more special than others. This 'Phabberjay', as it's called, features depictions of beings from across the multiverse.",9,2,2
84,Ginormous Carrot,https://mysingingmonsters.fandom.com/wiki/Ginormous_Carrot,Ginormous_Carrot.png,"Pareidolia is the phenomenon that describes seeing faces in inanimate objects, like this clearly-not-alive carrot of ginormous size. See, it even has a bite out of it. There's no way it cou-...",9,2,2
85,Granular Castle,https://mysingingmonsters.fandom.com/wiki/Granular_Castle,Granular_Castle.png,"While Singing Monsters prefer castles large enough to accommodate their beds, Granular Castles play host to all manner of miniature sand-dwelling critters. Looks like they're having a party in there!",9,2,2
86,Beach Chair,https://mysingingmonsters.fandom.com/wiki/Beach_Chair,Beach_Chair.png,"Ahh, nothing like stretching out on a relaxing beach chair. Remember to apply that sun screen - and try not to damage those surfboards, they feature vintage designs.",9,2,2
87,Hot Tub,https://mysingingmonsters.fandom.com/wiki/Hot_Tub,Hot_Tub.png,"Relax in the bubbling waters of this all-natural Hot Tub. A surprising number of Monsters can fit in it at once, so we suspect there's some magic at work here.",9,2,2
88,Hut of a Thousand Perfumes,https://mysingingmonsters.fandom.com/wiki/Hut_of_a_Thousand_Perfumes,Hut_of_a_Thousand_Perfumes.png,"A Monster's nose knows not which way to wend when sniffing the Hut of a Thousand Perfumes. Exotic fruits, fragrant flowers, ambrosial oils - all in all, an odoriferous experience for olfaction.",9,2,2
89,1st Anniversary Monument,https://mysingingmonsters.fandom.com/wiki/1st_Anniversary_Monument,1st_Anniversary_Monument.png,"This commemorative decoration celebrates the first year of the Monster World's renewed contact with the human world. It displays pictograms of important events and milestones from that era, hosts a stone rendering of Jam Boree's candle, and highlights the rediscovery of Ethereal Island at the year's end.",9,2,2
90,2nd Anniversary Monument,https://mysingingmonsters.fandom.com/wiki/2nd_Anniversary_Monument,2nd_Anniversary_Monument.png,"This commemorative decoration celebrates the second year of the Monster World's renewed contact with the human world. It displays pictograms of important events and milestones from that era, hosts a stone rendering of Jam Boree's candle, and highlights the announcement of Rare Monsters at the year's end.",9,2,2
91,3rd Anniversary Monument,https://mysingingmonsters.fandom.com/wiki/3rd_Anniversary_Monument,3rd_Anniversary_Monument.png,"This commemorative decoration celebrates the third year of the Monster World's renewed contact with the human world. It displays pictograms of important events and milestones from that era, hosts a stone rendering of Jam Boree's candle, and highlights the significance of Kayna's liberation from amber at the year's end.",9,2,2
92,4th Anniversary Monument,https://mysingingmonsters.fandom.com/wiki/4th_Anniversary_Monument,4th_Anniversary_Monument.png,"This commemorative decoration celebrates the fourth year of the Monster World's renewed contact with the human world. It displays pictograms of important events and milestones from that era, hosts a stone rendering of Jam Boree's candle, and highlights the incursion of the Mirror Islands' alternate timeline at the year's end.",9,2,2
93,5th Anniversary Monument,https://mysingingmonsters.fandom.com/wiki/5th_Anniversary_Monument,5th_Anniversary_Monument.png,"This commemorative decoration celebrates the fifth year of the Monster World's renewed contact with the human world. It displays pictograms of important events and milestones from that era, hosts a stone rendering of Jam Boree's candle, and highlights the homecoming of the Supernatural Wubbox on Wublin Island at the year's end.",9,2,2
94,6th Anniversary Monument,https://mysingingmonsters.fandom.com/wiki/6th_Anniversary_Monument,6th_Anniversary_Monument.png,"This commemorative decoration celebrates the sixth year of the Monster World's renewed contact with the human world. It displays pictograms of important events and milestones from that era, hosts a stone rendering of Jam Boree's candle, and highlights the unveiling of Epic Monsters at the year's end.",9,2,2
95,7th Anniversary Monument,https://mysingingmonsters.fandom.com/wiki/7th_Anniversary_Monument,7th_Anniversary_Monument.png,"This commemorative decoration celebrates the seventh year of the Monster World's renewed contact with the human world. It displays pictograms of important events and milestones from that era, hosts a stone rendering of Jam Boree's candle, and highlights the mind-blowing reveal of Psychic Island at the year's end.",9,2,2
96,8th Anniversary Monument,https://mysingingmonsters.fandom.com/wiki/8th_Anniversary_Monument,8th_Anniversary_Monument.png,"This commemorative decoration celebrates the eighth year of the Monster World's renewed contact with the human world. It displays pictograms of important events and milestones from that era, hosts a stone rendering of Jam Boree's candle, and highlights the adventurous resettlement of the Colossingum at the year's end.",9,2,2
97,9th Anniversary Monument,https://mysingingmonsters.fandom.com/wiki/9th_Anniversary_Monument,9th_Anniversary_Monument.png,"This commemorative decoration celebrates the ninth year of the Monster World's renewed contact with the human world. It displays pictograms of important events and milestones from that era, hosts a stone rendering of Jam Boree's candle, and highlights the revelation of Seasonal Shanty at the year's end.",9,2,2
98,10th Anniversary Monument,https://mysingingmonsters.fandom.com/wiki/10th_Anniversary_Monument,10th_Anniversary_Monument.png,"This commemorative decoration celebrates the tenth year of the Monster World's renewed contact with the human world. It displays pictograms of important events and milestones from that era, hosts a stone rendering of Jam Boree's candle, and highlights the influx of special Mythical energies at the year's end.",9,2,2
99,11th Anniversary Monument,https://mysingingmonsters.fandom.com/wiki/11th_Anniversary_Monument,11th_Anniversary_Monument.png,"This commemorative decoration celebrates the eleventh year of the Monster World's renewed contact with the human world. It displays pictograms of important events and milestones from that era, hosts a stone rendering of Jam Boree's candle, and highlights the Epic Wubbox's manifestation on Gold Island at the year's end.",9,2,2
100,12th Anniversary Monument,https://mysingingmonsters.fandom.com/wiki/12th_Anniversary_Monument,12th_Anniversary_Monument.png,"This commemorative decoration celebrates the twelfth year of the Monster World's renewed contact with the human world. It displays pictograms of important events and milestones from that era, hosts a stone rendering of Jam Boree's candle, and highlights the emergence of the Ethereal Quint from the Synthesizer on Ethereal Workshop at the year's end.",9,2,2
101,13th Anniversary Monument,https://mysingingmonsters.fandom.com/wiki/13th_Anniversary_Monument,13th_Anniversary_Monument.png,"This commemorative decoration celebrates the thirteenth year of the Monster World's renewed contact with the human world. It displays pictograms of important events and milestones from that era, hosts a stone rendering of Jam Boree's candle, and highlights the new and improved Friends Menu and Profile feature that allow players to express themselves better at the year's end.",9,2,2
102,Monster Scareglowls,https://mysingingmonsters.fandom.com/wiki/Monster_Scareglowls,Monster_Scareglowls.png,"Despite their name, Scareglowls actually attract Glowls, not drive them away! The Fire Monsters will spot them from on high and swoop down to try and make conversation, only to discover that the prospective conversationalists are stuffed with hay.",9,2,2
103,Oversized Pies,https://mysingingmonsters.fandom.com/wiki/Oversized_Pies,Oversized_Pies.png,"Since it keeps frequent company with Fire Monsters, Gobbleygourd knows all sorts of exciting recipes from the era of the Dawn of Fire. Apple Tart, Pumpkin (ancestor of the contemporary Smunkin) Pie... although maybe someone went a little overboard on the portion sizes.",9,2,2
104,Carnivorous Cornucopia,https://mysingingmonsters.fandom.com/wiki/Carnivorous_Cornucopia,Carnivorous_Cornucopia.png,"What is it with Seasonal Decorations and pareidolia, seeing faces in inanimate objects? This particular object is maybe a little more animate than one would hope, so stick your hand in for a snack at your own risk.",9,2,2
105,Gobbley Inflatable,https://mysingingmonsters.fandom.com/wiki/Gobbley_Inflatable,Gobbley_Inflatable.png,"This balloon is from Fire Haven's welcome back party for Gobbleygourd, during the Seasonal Monster's first return to the island since its rediscovery. It has been specially inflated for Feast-Ember, but take care that there are no leaks anywhere... that would be embarrassing.",9,2,2
106,Makeshift Altar,https://mysingingmonsters.fandom.com/wiki/Makeshift_Altar,Makeshift_Altar.png,"This candelit [sic] altar holds drawings and keepsakes of lost loved ones. Full-scale ofrendas typically consist of 3 tiers, but the Monsters are hoping that the aroma of the cemasúchil adorning this makeshift display will be enough to draw the spirit back to the land of the livings.",9,2,2
107,Little Drummer,https://mysingingmonsters.fandom.com/wiki/Little_Drummer,Little_Drummer.png,"A small figure soundlessly mock-plays a special drum... but where's the beat? This is a reference to the heartbeat of forever, which can only be heard if your heart is open and you are listening very carefully.",9,2,2
108,Lady Calaca,https://mysingingmonsters.fandom.com/wiki/Lady_Calaca,Lady_Calaca.png,"Lady Calaca, Monsters at your feet... wonder how you manage to make ends meet! This towering statue is made of fired clay and enrobed in festive attire to celebrate the Beat Hereafter. Bone-Element Monsters have special techniques known only to them to achieve craftsMonship at this scale.",9,2,2
109,Heartstrings Stirring,https://mysingingmonsters.fandom.com/wiki/Heartstrings_Stirring,Heartstrings_Stirring.png,"A beautiful guitar too large for any Monster (except one that's been Biggified) rests gently on its stand. As the subterranean breeze blows, it passes through the papel picado and over the guitar's strings, stirring up nostalgic feelings of kinship and warmth.",9,3,3
110,Plentiful Planter,https://mysingingmonsters.fandom.com/wiki/Plentiful_Planter,Plentiful_Planter.png,"This is a miniature version of the Germination Station from Greatfruit Grove, where trees of all types were cared for and cultivated. Based on the purple and white leaves, there's currently a Polycule sapling in the planter - or it could be a Bazoom tree; honestly, it's hard to tell at this stage.",9,2,2
111,Golden Simian,https://mysingingmonsters.fandom.com/wiki/Golden_Simian,Golden_Simian.png,"In its native dimension, Greatfruit Grove was tended to by a troop of 'adorable little genius monkeys' who lived in the main tree, which they called the Monkey Mansion. These monkeys were responsible for the splicing that gave rise to so many fruit varieties, and the Golden Simian depicted on this fountain decoration was one such monkey.",9,2,2
112,Quaint Outhouse,https://mysingingmonsters.fandom.com/wiki/Quaint_Outhouse,Quaint_Outhouse.png,"All that fertilizer for the plant life of Echoes of Eco has to come from somewhere, and the Bovine Pegacorn is more than happy to oblige. Curiously, the Outhouse resembles Amber Island's Crucible - there's even a shape carved in the door of each - although their purposes vary drastically, as do the smells emanating from them.",9,2,2
113,Greatfruit Tree,https://mysingingmonsters.fandom.com/wiki/Greatfruit_Tree,Greatfruit_Tree.png,"The eponymous tree of Greatfruit Grove looks a little different depending on what dimension it's grown in, but an effort has been made to capture the spirit of the original with a carving bearing a jubilant face. The flavor of the fruit that this tree bears rivals that of any in the Monster World.",9,3,3
114,Floating Lanterns,https://mysingingmonsters.fandom.com/wiki/Floating_Lanterns,Floating_Lanterns.png,"This column of floating lanterns is decorated with imagery of fantastical creatures from other realms and clouds in the traditional xiangyun style. It's believed the lotus base emanates not only honesty, purity and beauty, but also the faint levitational powers required to keep the lanterns afloat.",9,2,2
115,Peony Wheel,https://mysingingmonsters.fandom.com/wiki/Peony_Wheel,Peony_Wheel.png,"Peonies are considered to be the king of flowers around the lunar new year, radiating wealth and good fortune. This circular 'wheel' arrangement, surrounded by vases and lucky bamboo, evokes a round window through which one might catch a glimpse of the upcoming year's success and prosperity.",9,2,2
116,Jade Lion,https://mysingingmonsters.fandom.com/wiki/Jade_Lion,Jade_Lion.png,"Just like the Leafy Sea Dragon, the 'Lion' is widely regarded as a fantasy creature, existing only in legend. The difference is that while the former is merely a speculative work of art, this jade sculpture is imbued with heavenly spirituality and resonates with a powerful blessing for all those nearby.",9,2,2
117,Magic Envelope,https://mysingingmonsters.fandom.com/wiki/Magic_Envelope,Magic_Envelope.png,"It's a tradition during Crescendo Moon to deliver red envelopes containing good luck wishes and ""money warding off old age"" (instrumental in Carillong's perpetual youth). The grandiose cutout display symbolizes a koi's journey upstream to become an auspicious dragon, the paragon of power and strength.",9,3,3
118,Fireworks Stand,https://mysingingmonsters.fandom.com/wiki/Fireworks_Stand,Fireworks_Stand.png,"Be sure to stand clear of the Fireworks Stand when it's showtime! While its flashy colours and sparkling lights may draw you in, all it takes is one lit fuse for the whole kit and caboodle to burst into an unforgettable performance of booms, bangs, and beauty. It is a beloved SkyPainting tradition to sneak surprise messages into your firework designs at special celebrations.",9,2,2
119,Kaleidoscope,https://mysingingmonsters.fandom.com/wiki/Kaleidoscope,Kaleidoscope.png,"The Kaleidoscope is not only a mesmerizing art installation, but also a reminder that every Monster looks at the world through its own lens. When all of these wondrously different perspectives combine, they create a magnificent mosaic that is much more than the sum of its parts. Many a Monster has lost track of time gazing into the Kaleidoscope's peaceful patterns.",9,3,3
120,Glowbe Guise,https://mysingingmonsters.fandom.com/wiki/Glowbe_Guise,Glowbe_Guise.png,"Did you know that Glowbes are bright in more ways than one? Within a Glowbe's big ol' globe lies a treasure trove of fun facts. This radiant Decoration honors Glowbe-kind's perpetual pursuit of the most titillating trivia they can uncover,",9,2,2
121,Prism Gate Replica,https://mysingingmonsters.fandom.com/wiki/Prism_Gate_Replica,Prism_Gate_Replica.png,"It's not a toy, it's a replica! This mint condition collector's item represents an impeccable imitation of the famed Prism Gate from Monster antiquity. This coveted piece even features a complete collection of all 6 prisment accesories. The Prism Gate's transformative qualities continue to spark the curiosity of Monsterkind to this very day.",9,2,2
122,Versegazing Telescope,https://mysingingmonsters.fandom.com/wiki/Versegazing_Telescope,Versegazing_Telescope.png,"Invented by the genius Rare Reebro, the Versegazing Telescope sees not just across distances, but dimensions! While its potential for making Island-shattering discoveries is second to none, its most common use is leisurely Tweedle-watching.",9,2,2
123,Blueprint Workshop,https://mysingingmonsters.fandom.com/wiki/Blueprint_Workshop,Blueprint_Workshop.png,"From sketch to sculpture, the Blueprint Workshop was once the birthplace of your favorite Monster species. The Colossals used all manner of tools, Bubblerite builds and Krystillium konstructs to craft Kazilleons and forge Fwogs, resulting in artisanship that was the envy of all during the Dawn of the [sic] Fire. Some craftMons even modeled their own Workshops after the original!",9,3,3
124,Teleportal,https://mysingingmonsters.fandom.com/wiki/Teleportal,Teleportal.png,"The Teleportal connects the fabled pocket dimension to the outside world. Its arrival is heralded by the appearance of a strange runic symbol seen throughout Monster antiquity. While countless semioticians have tirelessly researched its meaning, its true significance may be lost to time.",9,2,2
125,Graven Ghazt,https://mysingingmonsters.fandom.com/wiki/Graven_Ghazt,Graven_Ghazt.png,"Monsterkind has long pontificated about the creator - or creators? - behind these mysterious Graven Ghazts. A perplexing prophecy passed down through generations suggests that once the saucer of each statue is fitted with its matching orb, a passageway to another dimension will reveal itself.",9,3,3
126,Clover Contraption,https://mysingingmonsters.fandom.com/wiki/Clover_Contraption,Clover_Contraption.png,"Rather than being some kind of mechanical marvel, this 'contraption' is actually powered by magic alone; a potent spell has been cost upon it. A Cloverspell, if you will.",9,2,2
127,Pot of Enchanted Coins,https://mysingingmonsters.fandom.com/wiki/Pot_of_Enchanted_Coins,Pot_of_Enchanted_Coins.png,"At the rainbow's end, you'll occasionally find a pot like this one. Make no mistake - these are not the same Coins that are in circulation elsewhere in the Monster World. These are enchanted pieces that tantalize passersby but which dematerialize when they are removed from the pot.",9,2,2
128,Green Cupcakes,https://mysingingmonsters.fandom.com/wiki/Green_Cupcakes,Green_Cupcakes.png,"Using dye collected from verdant sources across the Monster World, these cupcakes of unusual size are the perfect color and flavor to celebrate the vernal equinox! Some have theorized that the Magical Rooba's diet consists entirely of these - but it turns out that's just moss.",9,2,2
129,Gigantic Metal Shoe,https://mysingingmonsters.fandom.com/wiki/Gigantic_Metal_Shoe,Gigantic_Metal_Shoe.png,"What size of creature could this shoe possibly accommodate? A juvenile Titan, perhaps? Touching the cool, metallic surface of the shoe confers a blessing of good luck - but only for a limited time.",9,2,2
130,Brain Teaser Tome,https://mysingingmonsters.fandom.com/wiki/Brain_Teaser_Tome,Brain_Teaser_Tome.png,"No Monster knows for certain what will transpire once the final puzzle in the Brain Teaser Tome is solved. Will the puzzler be showered in a rain of Diamonds, or stuffed with all the Cakes they can eat? Shockingly, the deep, dark truth is even more mindboggling: there is, in fact, no end to its puzzles. When one teaser is completed, a new page quietly appears.",9,2,2
131,Floating Library,https://mysingingmonsters.fandom.com/wiki/Floating_Library,Floating_Library.png,"Why settle for a boring ol' stuck-on-the-ground library when you can have a floating one? The Floating Library is the perfect hangout for airborne (or spaceborne) Monsters looking for a relaxing read. Just don't expect to find your books in the most logical sections; with tomes flying every which way, it's not the easiest library to organize.",9,3,3
132,Confounding Cryptex,https://mysingingmonsters.fandom.com/wiki/Confounding_Cryptex,Confounding_Cryptex.png,"To this day, no Monster has found the true meaning behind the complex symbols of the Confounding Cryptex - though countless have tried. It is widely believed that the solution lies within the fabled 'Dip Vinci Code', a sequence of Dipster sounds that will spring forth a special Key to unlock the Cryptex's hidden treasures... at least, in theory. The Dipsters prefer to mind their own Keys, thank you very much.",9,2,2
133,Bib'leo-Theque,https://mysingingmonsters.fandom.com/wiki/Bib%27leo-Theque,Bibleo-Theque.png,"Ooo Ay La Bib'leo-Theque? Right here! Part bookcase, part Bib'leo hangout, the Bib'leo-Theque is where restless Bib'leos go to make friends, have a nap or just snack on some chewy old bookmarks. You wouldn't know by looking at them, but Bib'leos are actually pack-oriented creatures who find comfort in company.",9,3,3
134,Helmet Rack,https://mysingingmonsters.fandom.com/wiki/Helmet_Rack,Helmet_Rack.png,"Heavy is the head that wears the helmet, and it's nice to feel the breeze on the top of one's head. The Spurrits prefer to be consistent in who wears which headgear, but that's not to say that they don't sometimes switch off - sometimes a change is as good as a rest.",9,2,2
135,Campfire,https://mysingingmonsters.fandom.com/wiki/Campfire,Campfire.png,"After a long day's work, it's nice to relax by a campfire and observe the various constellations of the Monster World. Marshmallows are a staple of the Spurrit diet, because they don't present any challenge to the Monster's toothless mouth.",9,2,2
136,Expedition Tent,https://mysingingmonsters.fandom.com/wiki/Expedition_Tent,Expedition_Tent.png,"This is the mobile command center of the Spurrits' ongoing studies of the Monster World. All of the Seasonal Monsters' gadgets and instruments are contained therein, and because they have successfully integrated into Monster society, there's no need to camouflage it. As such, the tent is a striking blue color (Spurrit's favorite).",9,3,3
137,Armillary Sphere,https://mysingingmonsters.fandom.com/wiki/Armillary_Sphere,Armillary_Sphere.png,"Finally, a working model of the toroidal Monster World has been created! The moon's orbit passing through the center of the torus is achieved with the help of the various compages that encircle the planet, and the last recorded position of each of the islands of the main dimension has been illustrated in detail. A scientific achievement of epic proportions.",9,3,3
138,"Thumpies Totem, Too","https://mysingingmonsters.fandom.com/wiki/Thumpies_Totem,_Too","Thumpies_Totem,_Too.png","The magic of the trees that connects the realm of Thingia with the Thumpieverse is also at the root of their shared relationship with the Monster World. That's how we end up with artifacts like this other Thumpies Totem, which tumbled across dimensions to arrive here. While prior incarnations featured other Thumpies, this one celebrates iziT, TawooO, and Anyanka.",10,2,2
139,Hammock,https://mysingingmonsters.fandom.com/wiki/Hammock,Hammock.png,"Don't be fooled - this Decoration won't add an extra Bed to your Island - that's the job of Castles and Hotels. Still, it's perfect for a lazy snooze.",10,2,2
140,Star Rocks,https://mysingingmonsters.fandom.com/wiki/Star_Rocks,Star_Rocks.png,"There was some controversy as to what these floating relics should be called. One of the suggestions that was 'floated' around was Rockstars, since they positively radiate Starpower energy. However, Shugabush of Plant Island tells us that means something different where it comes from, so the Monsters went with Star Rocks instead.",12,2,2
141,Bingo Bango Bongos,https://mysingingmonsters.fandom.com/wiki/Bingo_Bango_Bongos,Bingo_Bango_Bongos.png,"Combine a tropical parasol with some stout drums, and bingo bango bongo, you've got Bingo Bango Bongos.",7,2,2
142,Smunkit,https://mysingingmonsters.fandom.com/wiki/Smunkit,Smunkit.png,"A Smunkit, The abbreviated form of a Smunkin-drumkit, is the result of raising Smunkins to enormous size and then capitalizing on their percussive potential.",11,2,2
143,Freed Thing,https://mysingingmonsters.fandom.com/wiki/Freed_Thing,Freed_Thing.png,"Through the combined efforts and resourcefulness of the singing monsters, one of the Ambered Things has been set loose! Flutter relates that the realm of Thingia, from which it originates, is in fact older than the Monster World, but that it was equally affected by the same events that trapped Kayna, because of the binding magic of the trees. Whatever that means.",14,2,2
144,Striking Bulbs,https://mysingingmonsters.fandom.com/wiki/Striking_Bulbs,Striking_Bulbs.png,"Sure, the name 'Striking Bulbs' could refer to the fact that they're pretty to look at, but those in the know insist it's a reference to their propensity for striking conga drums.",25,2,2
145,Mount Knottshurr,https://mysingingmonsters.fandom.com/wiki/Mount_Knottshurr,Mount_Knottshurr.png,"Fashioned in the likeness of the mythical Mountain Morsel, Mount Knottshurr is made up of Bubblerite shavings held together with slobber paste. Despite its artificial origin, it seems to have taken on a life of its own. What else could you expect in the magical Monster World?",16,2,2
146,Innertuba,https://mysingingmonsters.fandom.com/wiki/Innertuba,Innertuba.png,"The Innertuba's tread-like texture suggests it may have one time been part of a wheel, but we're quite pleased with the new form it's taken.",20,2,2
147,Elmenco Stump,https://mysingingmonsters.fandom.com/wiki/Elmenco_Stump,Elmenco_Stump.png,"The Elmenco Tree grows to a short height, then part of the trunk falls away to reveal a beautiful guitar-shaped carving on the inside.  It inspires dancing of great emotional intensity for all who pluck its strings.",13,2,2
148,Swurlee Tree,https://mysingingmonsters.fandom.com/wiki/Swurlee_Tree,Swurlee_Tree.png,"The Swurlee Tree's great drooping palms resemble candy swirls. The nuts it drops are rumored to be delicious, but they always dissolve before they hit the ground, so no one's ever sampled them.",17,3,3
149,Sweetstreamz Tree,https://mysingingmonsters.fandom.com/wiki/Sweetstreamz_Tree,Sweetstreamz_Tree.png,"Sweetstreamz are made of this: fluffy floating foliage, stupendous streamers of the softest blue, and gleaming stars that dangle and twinkle. Who are we to disagree?",23,3,3
150,PU System,https://mysingingmonsters.fandom.com/wiki/PU_System,PU_System.png,"Contrary to the traditional PA System, the PU System dispenses odors instead of messages. The inventors claim that there's a huge market for scent-tech... But we're a little apprehensive.",26,1,1
151,Spatial Sapling,https://mysingingmonsters.fandom.com/wiki/Spatial_Sapling,Spatial_Sapling.png,"This is what happens when pollen from outer Space germinates in Natural soil. There's speculation that the giant glowing pod is actually an egg sack, but no one is brave enough to poke it.",21,2,2
152,Boss Monument,https://mysingingmonsters.fandom.com/wiki/Boss_Monument,Boss_Monument.png,"This superb statue celebrates the five Quad-element Monsters that call the Natural Islands home. Nicknamed 'The Bosses', these dynamic figures serve as role models to the other monsters, and epitomize the cooperative power of harmony.",18,3,3
153,Ockulo Tree,https://mysingingmonsters.fandom.com/wiki/Ockulo_Tree,Ockulo_Tree.png,"This type of tree springs into existence after a Riff has molted and the feathers interlace with local root networks.  Sometimes when it sways in the breeze, it makes a faint guitar shredding sound, prompting Monsters to comment: ""Ockulo's Riffed.""",13,2,2
154,The Thunker,https://mysingingmonsters.fandom.com/wiki/The_Thunker,The_Thunker.png,"Ahh, nothing like fine art! The Thunker depicts a Monster engaged in Thunking, the act of thinking Thunks, profound thinks that are never spoken aloud. And it even has a pecking bird in the ancient ""Art Monstreau"" style - divine!",30,1,1
155,Cold Globe,https://mysingingmonsters.fandom.com/wiki/Cold_Globe,Cold_Globe.png,"Why does everyone insist on calling this decoration a Snow Globe? It’s not like the element is called Snow, it’s called Cold. We’re very insistent on this point.",16,3,3
156,Givutawai Tree,https://mysingingmonsters.fandom.com/wiki/Givutawai_Tree,Givutawai_Tree.png,"Givutawai, givutawai, givutawai now!  This Tree is often the brunt of bogus givaways and suspicious scams... e.g. ""You're the one millionth visitor to this Island!  Claim prize now!""  But all it really wants is to share its tiny trinkets, which are a bit more offbeat than their bright packaging might suggest.",9,2,2
157,BUM-ble Beginnings,https://mysingingmonsters.fandom.com/wiki/BUM-ble_Beginnings,BUM-ble_Beginnings.png,,,1,1
158,Power Plants,https://mysingingmonsters.fandom.com/wiki/Power_Plants,Power_Plants.png,,,1,1
159,Cool Customers,https://mysingingmonsters.fandom.com/wiki/Cool_Customers,Cool_Customers.png,,,1,1
160,All Float On,https://mysingingmonsters.fandom.com/wiki/All_Float_On,All_Float_On.png,,,1,1
161,Off the Deep End,https://mysingingmonsters.fandom.com/wiki/Off_the_Deep_End,Off_the_Deep_End.png,,,1,1
162,Hard Rock Heavyweights,https://mysingingmonsters.fandom.com/wiki/Hard_Rock_Heavyweights,Hard_Rock_Heavyweights.png,,,1,1
163,Single File,https://mysingingmonsters.fandom.com/wiki/Single_File,Single_File.png,,,1,1
164,Double Standards,https://mysingingmonsters.fandom.com/wiki/Double_Standards,Double_Standards.png,,,1,1
165,Worth the Treble,https://mysingingmonsters.fandom.com/wiki/Worth_the_Treble,Worth_the_Treble.png,,,1,1
166,Like a Boss,https://mysingingmonsters.fandom.com/wiki/Like_a_Boss,Like_a_Boss.png,,,1,1
167,From Frond to Forest,https://mysingingmonsters.fandom.com/wiki/From_Frond_to_Forest,From_Frond_to_Forest.png,,,1,1
168,From Shiver to Blizzard,https://mysingingmonsters.fandom.com/wiki/From_Shiver_to_Blizzard,From_Shiver_to_Blizzard.png,,,1,1
169,From Breeze to Bluster,https://mysingingmonsters.fandom.com/wiki/From_Breeze_to_Bluster,From_Breeze_to_Bluster.png,,,1,1
170,From Drop to Deluge,https://mysingingmonsters.fandom.com/wiki/From_Drop_to_Deluge,From_Drop_to_Deluge.png,,,1,1
171,From Pebble to Mountain,https://mysingingmonsters.fandom.com/wiki/From_Pebble_to_Mountain,From_Pebble_to_Mountain.png,,,1,1
172,It's Only Natural,https://mysingingmonsters.fandom.com/wiki/It%27s_Only_Natural,Its_Only_Natural.png,,,1,1
173,Ghost in the Greenery,https://mysingingmonsters.fandom.com/wiki/Ghost_in_the_Greenery,Ghost_in_the_Greenery.png,,,1,1
174,Bat on the 'Bergs,https://mysingingmonsters.fandom.com/wiki/Bat_on_the_%27Bergs,Bat_on_the_Bergs.png,,,1,1
175,Machine from the Mists,https://mysingingmonsters.fandom.com/wiki/Machine_from_the_Mists,Machine_from_the_Mists.png,,,1,1
176,Jewel amid the Jetsam,https://mysingingmonsters.fandom.com/wiki/Jewel_amid_the_Jetsam,Jewel_amid_the_Jetsam.png,,,1,1
177,Wasp of the Wasteland,https://mysingingmonsters.fandom.com/wiki/Wasp_of_the_Wasteland,Wasp_of_the_Wasteland.png,,,1,1
178,Crossing the Streams,https://mysingingmonsters.fandom.com/wiki/Crossing_the_Streams,Crossing_the_Streams.png,,,1,1
179,Empire Business,https://mysingingmonsters.fandom.com/wiki/Empire_Business,Empire_Business.png,,,1,1
180,Axis of Ether,https://mysingingmonsters.fandom.com/wiki/Axis_of_Ether,Axis_of_Ether.png,,,1,1
181,True or Falsetto,https://mysingingmonsters.fandom.com/wiki/True_or_Falsetto,True_or_Falsetto.png,,,1,1
182,I'm Levitating,https://mysingingmonsters.fandom.com/wiki/I%27m_Levitating,Im_Levitating.png,,,1,1
183,Good Alto-tude,https://mysingingmonsters.fandom.com/wiki/Good_Alto-tude,Good_Alto-tude.png,,,1,1
184,String 'em Along,https://mysingingmonsters.fandom.com/wiki/String_%27em_Along,String_em_Along.png,,,1,1
185,Herptile Heroes Trophy,https://mysingingmonsters.fandom.com/wiki/Herptile_Heroes_Trophy,Herptile_Heroes_Trophy.png,,,1,1
186,A Mighty Wind,https://mysingingmonsters.fandom.com/wiki/A_Mighty_Wind,A_Mighty_Wind.png,,,1,1
187,Sedimentalists,https://mysingingmonsters.fandom.com/wiki/Sedimentalists,Sedimentalists.png,,,1,1
188,Insect Impresarios,https://mysingingmonsters.fandom.com/wiki/Insect_Impresarios,Insect_Impresarios.png,,,1,1
189,Upper Register,https://mysingingmonsters.fandom.com/wiki/Upper_Register,Upper_Register.png,,,1,1
190,"Keys, Please","https://mysingingmonsters.fandom.com/wiki/Keys,_Please","Keys,_Please.png",,,1,1
191,Robot Rock Trophy,https://mysingingmonsters.fandom.com/wiki/Robot_Rock_Trophy,Robot_Rock_Trophy.png,,,1,1
192,Rhythm Section,https://mysingingmonsters.fandom.com/wiki/Rhythm_Section,Rhythm_Section.png,,,1,1
193,The Bottom End,https://mysingingmonsters.fandom.com/wiki/The_Bottom_End,The_Bottom_End.png,,,1,1
194,Quadrupedantic Trophy,https://mysingingmonsters.fandom.com/wiki/Quadrupedantic_Trophy,Quadrupedantic_Trophy.png,,,1,1
195,Avian Artists,https://mysingingmonsters.fandom.com/wiki/Avian_Artists,Avian_Artists.png,,,1,1
196,Mammalian Maestros,https://mysingingmonsters.fandom.com/wiki/Mammalian_Maestros,Mammalian_Maestros.png,,,1,1
197,Drum Circle,https://mysingingmonsters.fandom.com/wiki/Drum_Circle,Drum_Circle.png,,,1,1
198,Tenacious Key,https://mysingingmonsters.fandom.com/wiki/Tenacious_Key,Tenacious_Key.png,,,1,1
199,Marine Melodists,https://mysingingmonsters.fandom.com/wiki/Marine_Melodists,Marine_Melodists.png,,,1,1
200,Vegetal Virtuosos,https://mysingingmonsters.fandom.com/wiki/Vegetal_Virtuosos,Vegetal_Virtuosos.png,,,1,1
201,Trick-or-Treat,https://mysingingmonsters.fandom.com/wiki/Trick-or-Treat,Trick-or-Treat.png,,,1,1
202,Days of Yay,https://mysingingmonsters.fandom.com/wiki/Days_of_Yay,Days_of_Yay.png,,,1,1
203,All's Fair in Love and Song,https://mysingingmonsters.fandom.com/wiki/All%27s_Fair_in_Love_and_Song,Alls_Fair_in_Love_and_Song.png,,,1,1
204,Hunting High and Low,https://mysingingmonsters.fandom.com/wiki/Hunting_High_and_Low,Hunting_High_and_Low.png,,,1,1
205,Fun in the Sun,https://mysingingmonsters.fandom.com/wiki/Fun_in_the_Sun,Fun_in_the_Sun.png,,,1,1
206,Grennitch's Gambit,https://mysingingmonsters.fandom.com/wiki/Grennitch%27s_Gambit,Grennitchs_Gambit.png,"This is the Trophy that celebrates your victory in the Grennitch's Gambit Quest! Grennitch 'roots' for all Monsters brave enough to represent Plant Island on the Colossingum... but is especially proud of its Champions: Potbelly, Entbrat, Punkleton, and Ghazt.",,,
207,Frigil's Feat,https://mysingingmonsters.fandom.com/wiki/Frigil%27s_Feat,Frigils_Feat.png,"This is the Trophy that celebrates your victory in the Frigil's Feat Quest! Frigil considers all Monsters brave enough to represent Cold Island on the Colossingum to be pretty 'cool'... but is especially proud of its Champions: Mammott, Deedge, Yool, and Grumpyre.",,,
208,Zeffree's Zenith,https://mysingingmonsters.fandom.com/wiki/Zeffree%27s_Zenith,Zeffrees_Zenith.png,"This is the Trophy that celebrates your victory in the Zeffree's Zenith Quest! Zeffree thinks 'highly' of all Monsters brave enough to represent Air Island on the Colossingum... but is especially proud of its Champions: Tweedle, Riff, Schmoochle, and Reebro.",,,
209,Hyddryd's Hurdle,https://mysingingmonsters.fandom.com/wiki/Hyddryd%27s_Hurdle,Hyddryds_Hurdle.png,"This is the Trophy that celebrates your victory in the Hyddryd's Hurdle Quest! Hyddryd knows that all Monsters brave enough to represent Water Island on the Colossingum are 'making waves'... but is especially proud of its Champions: Toe Jammer, Shellbeat, Blabbit, and Jeeode.",,,
210,Sollum's Stratagem,https://mysingingmonsters.fandom.com/wiki/Sollum%27s_Stratagem,Sollums_Stratagem.png,"This is the Trophy that celebrates your victory in the Sollum's Stratagem Quest! Sollum supports all Monsters brave enough to represent Earth Island on the Colossingum... but is especially proud of its Champions: Noggin, Quarrister, Hoola, and Humbug.",,,
211,Bronze Champion's Crown,https://mysingingmonsters.fandom.com/wiki/Bronze_Champion%27s_Crown,Bronze_Champions_Crown.png,,10,2,2
212,Silver Champion's Crown,https://mysingingmonsters.fandom.com/wiki/Silver_Champion%27s_Crown,Silver_Champions_Crown.png,,10,2,2
213,Gold Champion's Crown,https://mysingingmonsters.fandom.com/wiki/Gold_Champion%27s_Crown,Gold_Champions_Crown.png,,10,2,2
214,Log Drum,https://mysingingmonsters.fandom.com/wiki/Log_Drum,Log_Drum.png,It doesn't take long for a resourceful Monster to grab what's nearby and turn it into an instrument! The Log Drum is a perfect example of this.,2,2,2
215,Spurrit of Adventure Model,https://mysingingmonsters.fandom.com/wiki/Spurrit_of_Adventure_Model,Spurrit_of_Adventure_Model.png,"After dismantling the Spurrit of Adventure sailboat to aid in the construction of the Mess Hall, Mammott, Toe Jammer and Noggin sought to preserve the memory of the faithful little vessel that bore them safely to the Colossingum. This little model does exactly that!",3,2,2
216,Twihorn,https://mysingingmonsters.fandom.com/wiki/Twihorn,Twihorn.png,"Who needs a unicorn when you could have a twihorn? Distantly related to pitcher plants, this is more of a pitchy plant. Keep practicing.",5,1,1
217,Costume Rack,https://mysingingmonsters.fandom.com/wiki/Costume_Rack,Costume_Rack.png,"When the Monsters first arrived on The Colossingum, they discovered a tickle trunk's worth of Costumes to don for their musical competitions. Although they are typically stored inside the Mess Hall, this on-the-go Costume Rack makes quick changes a breeze!",7,3,3
218,Craft Services Table,https://mysingingmonsters.fandom.com/wiki/Craft_Services_Table,Craft_Services_Table.png,"Even though Monsters are focused on training their musical abilities on the Colossingum, it's nice to take a breather and enjoy some refreshments. Watch your fingers, though.",9,3,3
219,Tamborine Trampoline,https://mysingingmonsters.fandom.com/wiki/Tamborine_Trampoline,Tamborine_Trampoline.png,"Jumping on a Tamborine Trampoline is a great way to spend the afternoon, but if you're looking for a noiseless activity, this ain't it.",10,3,3
220,Critter Fountain,https://mysingingmonsters.fandom.com/wiki/Critter_Fountain,Critter_Fountain.png,"This fountain was created to exalt the adorably fierce critter of the Colossingum, who bounces among the columns and vaulted chambers to stay in 'fighting' shape.",13,2,2
221,Gaung Tree,https://mysingingmonsters.fandom.com/wiki/Gaung_Tree,Gaung_Tree.png,Only the Gaung Tree has branches strong enough to support the weight of this ornate gong. Something to do with the unique metallurgic composition of the disc.,15,2,2
222,Monstrolympic Torch,https://mysingingmonsters.fandom.com/wiki/Monstrolympic_Torch,Monstrolympic_Torch.png,"One of the few surviving items other than the Conservatory, this Torch appears to lift Monsters' spirits and put them in a wishing mood whenever they're near. It possibly represents the first time that the magic of the Fire Element was used to create a Torch with powerful potential.",17,2,2
223,Simbull Tree,https://mysingingmonsters.fandom.com/wiki/Simbull_Tree,Simbull_Tree.png,"Is that a Clamble you spy? No, but it's thought that this sparsely-leaved but plate-plentiful plant is a different branch of the same family tree.",20,3,3
224,Clarinedge,https://mysingingmonsters.fandom.com/wiki/Clarinedge,Clarinedge.png,"This previously-unnamed plant used to thrive during the era of the Dawn of Fire. The hedge's growth resembles a tangle of clarinets, so in our infinite wisdom, we decided to call it Clarinedge. Aren't we clever?",level 22,3,3
225,Ottavine,https://mysingingmonsters.fandom.com/wiki/Ottavine,Ottavine.png,"The Ottavine is a distant ancestor of the Castanevine, and has a notorious reputation for being finnicky about its growing conditions. We'd call it high-strung, but highfalutin might be more appropriate.",24,2,2
226,Stone Drum,https://mysingingmonsters.fandom.com/wiki/Stone_Drum,Stone_Drum.png,"It doesn't take long for a persistent Monster to grab an unconventional object and turn it into an instrument! The Stone Drum is a perfect example of this... okay, maybe not a perfect example, but we liked how it went hand in hand with the Log Drum.",26,3,3
227,Strummy-ache,https://mysingingmonsters.fandom.com/wiki/Strummy-ache,Strummy-ache.png,"This unusual tripodal instrument sounds like a cross between a dulcimer and the rumbling, gurgling sounds a stomach makes when one is hungry. Hence the name Strummy-ache.",28,2,2
228,Conservatory Column Cast - 1/4,https://mysingingmonsters.fandom.com/wiki/Conservatory_Column_Cast_-_1/4,Conservatory_Column_Cast_-_1/4.png,"During the waning years of the Dawn of Fire, two Colossals were troubled, worrying that peace and stability in the Monster World couldn't last forever. While both believed that the best way to prepare for the future was to strengthen the musical abilities of the Singing Monsters, they disagree on how best to go about it.",30,3,3
229,Conservatory Column Cast - 2/4,https://mysingingmonsters.fandom.com/wiki/Conservatory_Column_Cast_-_2/4,Conservatory_Column_Cast_-_2/4.png,"One Colossal, known as Lanysta contended that individual training, conducted in a special environment and focused on honing each Monster's unique musical craft, was the answer. Lanysta found a deserted landmass and imbued it with its lifeforce to create the Colossingum, where Monsters could empower themselves to become better performers in the Conservatory.",30,3,3
230,Conservatory Column Cast - 3/4,https://mysingingmonsters.fandom.com/wiki/Conservatory_Column_Cast_-_3/4,Conservatory_Column_Cast_-_3/4.png,"This was later revealed to have been a timely decision, as it was not along after t-
(inscription missing)
-age was done, splintering the Continent into many pieces and signaling the end of the Dawn of Fire.",30,3,3
231,Conservatory Column Cast - 4/4,https://mysingingmonsters.fandom.com/wiki/Conservatory_Column_Cast_-_4/4,Conservatory_Column_Cast_-_4/4.png,"The other Colossal, known as Ahymnsa and inspired by the actions of their friend, chose another landmass to shift their power into, taking along a piece of the amber containing an important figure to act as the island's centerpiece. There, Ahymnsa created a prophecy that foretold of a time when Monsters singing together and being united in song would help to restore balance in the Monster World.",30,3,3
232,Waveform - Splashy Sunken Treasure,https://mysingingmonsters.fandom.com/wiki/Waveform_-_Splashy_Sunken_Treasure,Waveform_-_Splashy_Sunken_Treasure.png,"This special Decoration stands as a testament to our special Clubbox clout when you help Hype up the performance of Waveform! Outside of its duties as Autotuna, the T-Pirainha is an avid collector of artifacts and sunken treasure, some dating all the way back to the era of the Dawn of Fire!",TBA,3,3
233,Waveform - Flashy Geometric Visualizers,https://mysingingmonsters.fandom.com/wiki/Waveform_-_Flashy_Geometric_Visualizers,Waveform_-_Flashy_Geometric_Visualizers.png,"This special Decoration stands as a testament to our special Clubbox clout when you help Hype up the performance of Waveform! Initially created as visualizers for the sonic stability of Clubbox concerts, these floating geometric forms are cool enough to serve as entertainment in their own right!",TBA,3,3
234,Waveform - Steamy Holo Projections,https://mysingingmonsters.fandom.com/wiki/Waveform_-_Steamy_Holo_Projections,Waveform_-_Steamy_Holo_Projections.png,"This special Decoration stands as a testament to our special Clubbox clout when you help Hype up the performance of Waveform! If there's one thing that can be said about T-Pirainha and its cronies, it's that that their fasion sense is beyond compare — and these holograms are (not-quite solid) proof!",TBA,3,3
235,Pomily Family Band - M-Pop Centerpiece,https://mysingingmonsters.fandom.com/wiki/Pomily_Family_Band_-_M-Pop_Centerpiece,Pomily_Family_Band_-_M-Pop_Centerpiece.png,"This special Decoration stands as a testament to your Clubbox clout when you helped Hype up the performance of the Pomily Family Band! Each member of the Pomily is a star in its own right, but it's so much fun to see them all perform together!",Unknown,3,3
236,Pomily Family Band - Flower Centerpiece,https://mysingingmonsters.fandom.com/wiki/Pomily_Family_Band_-_Flower_Centerpiece,Pomily_Family_Band_-_Flower_Centerpiece.png,"This special Decoration stands as a testament to your Clubbox clout when you helped Hype up the performance of the Pomily Family Band! Flowers are the perfect expression of nature's beauty; for the Pomily, they also represent the power of peace and working together!",TBA,3,3
237,Pomily Family Band - Bubblegum Centerpiece,https://mysingingmonsters.fandom.com/wiki/Pomily_Family_Band_-_Bubblegum_Centerpiece,Pomily_Family_Band_-_Bubblegum_Centerpiece.png,This special Decoration stands as a testament to your Clubbox clout when you helped Hype up the performance of the Pomily Family Band! What better way to recognize the unique relationship between the Pomily and the different foods they eat than a multicolored monument to munchies?,TBA,3,3
238,BlitherPhish - Punk Skatepark,https://mysingingmonsters.fandom.com/wiki/BlitherPhish_-_Punk_Skatepark,BlitherPhish_-_Punk_Skatepark.png,"This special Decoration stands as a testament to your Clubbox clout when you helped Hype up the performance of BlitherPhish! Even if your Act is all about being tough and edgy, don't forget to be kind and appreciative of your adoring fans!",TBA,3,3
239,BlitherPhish - Mecha Manipulator,https://mysingingmonsters.fandom.com/wiki/BlitherPhish_-_Mecha_Manipulator,BlitherPhish_-_Mecha_Manipulator.png,This special Decoration stands as a testament to your Clubbox clout when you helped Hype up the performance of BlitherPhish! These impressive contraptions rival the technological might of the Clubbox itself - could they be related somehow?,TBA,3,3
